fold,baseline_mae,baseline_rmse,random_forest_mae,random_forest_rmse,xgboost_mae,xgboost_rmse
1,0.00621304668335938,0.008237432016530337,0.006289073509602987,0.008216403088456652,0.006585017117531983,0.00873407032550994
2,0.00950818229164608,0.018683066089863157,0.00909451797304452,0.017804488672793443,0.009325443573669621,0.017714509451487028
3,0.006759415974603955,0.008222541025084129,0.006717492089014031,0.008360027135773544,0.006784904272725729,0.008396513734654928
4,0.0059847571806197365,0.006919738244611647,0.004886889562966142,0.005870582582985637,0.004794633151801007,0.005881664109766653
5,0.006091081843747048,0.007376998855784018,0.005501984717229638,0.007105291223248306,0.005486304271026303,0.00712116331914589
